mean_acc_A,mean_acc_B,mean_delta,delta_lo,delta_hi,seeds
0.24300000071525574,0.30970001220703125,0.06670001149177551,0.06670001149177551,0.06670001149177551,1
