{
  "mean_acc_A": 0.24300000071525574,
  "mean_acc_B": 0.30970001220703125,
  "mean_delta": 0.06670001149177551,
  "delta_lo": 0.06670001149177551,
  "delta_hi": 0.06670001149177551,
  "seeds": 1
}